�Ϻ���������Ƽ����޹�˾,2850679991@qq.com
��ʤ(�Ϻ�)��Ϣ�Ƽ����޹�˾,798232009@qq.com
�Ϻ���ʯ���ܿƼ����޹�˾,abbott.zhang@etmps.com
�Ϻ���������Ƽ����޹�˾,1057570395@qq.com
�Ϻ������Ϣ�Ƽ����޹�˾,yuli@yuadd.com
�Ϻ�����Ϣ�Ƽ����޹�˾,692296253@qq.com
�Ϻ��׸���Ϣ�Ƽ����޹�˾,weirui@miduoduo.info
�Ϻ�ε�ÿƼ����޹�˾,alanyanglong@126.com
�Ϻ���������Ƽ����޹�˾,2802119696@qq.com
�Ϻ�����ҽ�ƿƼ����޹�˾,tao.wang@ai-endoangel.com
�Ϻ���ͼ����Ƽ����޹�˾,1149613519@qq.com
�Ϻ��跢����Ƽ����޹�˾,liukuiwu@liubangkeji.com
�Ϻ����ؿƼ����޹�˾,2840860889@qq.com
�Ϻ�չ�������Ƽ����޹�˾,xianqiuxia@shzhanmeng.com
�Ϻ��������Ƽ����޹�˾,yaqing.shen@xingcuhuoban.com
�Ϻ�ӭ������Ƽ����޹�˾,7905053@QQ.COM
��׹(�Ϻ�)����Ƽ����޹�˾,zhanlang@carfairs.cn
�Ϻ������Ƽ����޹�˾,zhou.ruijia@imaintain.com.cn
�Ϻ�������Ϣ�Ƽ��������޹�˾,eric_yue@infoservice.sh.cn
�Ϻ���Ԧ�����Ƽ����޹�˾,liuyangnuaa@srxxy.com
�Ϻ���ѿ����Ƽ����޹�˾,tianpanpan@021.com
�Ϻ������Ϣ�Ƽ����޹�˾,yudian806@163.com
�Ϻ��岼����Ƽ����޹�˾,tongjiezhao@zhiwugirl.com
�Ұ���Ϣ�Ƽ�(�Ϻ�)���޹�˾,jiabangkeji@126.com
�Ϻ�Сţ�������ܿƼ����޹�˾,songjia@xiaoniu.com